{
  "id": "b0f151db-f00c-43de-b3e7-613b83d65d8b",
  "rev": "29-16059ad3713ca6421fb303f66f93101f",
  "name": "Login",
  "classification": "content-type",
  "kind": [
    "standalone"
  ],
  "description": "",
  "status": "ready",
  "tags": [
    "IBM sample"
  ],
  "elements": [
    {
      "elementType": "text",
      "label": "PZN user tags",
      "key": "pznUserTags"
    },
    {
      "elementType": "text",
      "label": "PZN role tags",
      "key": "pznRoleTags"
    },
    {
      "elementType": "text",
      "label": "Title",
      "key": "title"
    },
    {
      "elementType": "text",
      "label": "Message",
      "key": "message"
    },
    {
      "elementType": "toggle",
      "label": "Render role tags list",
      "key": "renderRoleTagsList"
    }
  ]
}