{
  "id": "1908c770-c23f-4402-9855-e16e66eff8d4",
  "rev": "9-d1c0ceecfe11e8524db9a609798e9f28",
  "name": "Login form",
  "description": "",
  "typeId": "b0f151db-f00c-43de-b3e7-613b83d65d8b",
  "locale": "en",
  "tags": [
    "user:IBM sample"
  ],
  "keywords": [],
  "status": "ready",
  "elements": {
    "title": {
      "elementType": "text",
      "value": "Welcome!"
    },
    "pznMembers": {
      "elementType": "text",
      "value": "[{\"label\":\"Chef\",\"value\":\"wch_pzn_chef\"},{\"label\":\"Customer\",\"value\":\"wch_pzn_customer\"},{\"label\":\"Farmer\",\"value\":\"wch_pzn_farmer\"},{\"label\":\"Restaurateur\",\"value\":\"wch_pzn_restaurateur\"}]"
    }
  },
  "selectedLayouts": [
    {
      "layout": {
        "id": "login-layout"
      }
    }
  ],
  "kind": [],
  "lastModified": "2018-02-27T18:58:21.087Z",
  "created": "2018-02-23T03:03:45.149Z",
  "creatorId": "a36e366d-5c40-472f-a021-4a278db7c597",
  "classification": "content",
  "lastModifierId": "a36e366d-5c40-472f-a021-4a278db7c597",
  "type": "Login",
  "creator": "LAURA POMERLEAU",
  "lastModifier": "LAURA POMERLEAU",
  "publishing": {
    "status": "not-available"
  }
}