{
  "id": "504cc23e-35bd-44f3-82a4-259b9613988b",
  "rev": "9-282fec8daa6a339e895f86e5f54e62c0",
  "name": "Login page",
  "description": "",
  "typeId": "2af1d22a-fecf-41e1-a808-7301cb37b79f",
  "tags": [],
  "status": "ready",
  "elements": {
    "banner": {
      "elementType": "reference"
    },
    "sectionOne": {
      "elementType": "reference",
      "values": [
        {
          "id": "1908c770-c23f-4402-9855-e16e66eff8d4",
          "name": "Login form",
          "typeId": "b0f151db-f00c-43de-b3e7-613b83d65d8b",
          "creatorId": "a36e366d-5c40-472f-a021-4a278db7c597",
          "status": "ready"
        }
      ]
    },
    "sectionTwo": {
      "elementType": "reference"
    }
  },
  "selectedLayouts": [
    {
      "layout": {
        "id": "standard-page-layout"
      }
    }
  ],
  "kind": [
    "page"
  ],
  "thumbnail": {
    "id": "257b578f-7f29-49e5-9e50-97c3846ccf98",
    "url": "/authoring/v1/resources/d22cb3c0070450e37c5d7515b6d3906a"
  },
  "lastModified": "2018-02-27T17:32:36.504Z",
  "created": "2018-02-23T03:03:46.655Z",
  "creatorId": "a36e366d-5c40-472f-a021-4a278db7c597",
  "classification": "content",
  "lastModifierId": "a36e366d-5c40-472f-a021-4a278db7c597",
  "type": "Standard page",
  "creator": "LAURA POMERLEAU",
  "lastModifier": "LAURA POMERLEAU",
  "publishing": {
    "status": "not-available"
  }
}